{
  "project_info": {
    "project_number": "548778369972",
    "project_id": "fir-flutter-demo-4aff2",
    "storage_bucket": "fir-flutter-demo-4aff2.appspot.com"
  },
  "client": [
    {
      "client_info": {
        "mobilesdk_app_id": "1:548778369972:android:2a1ef9d4162348d4d748e1",
        "android_client_info": {
          "package_name": "com.erico.firestore_demo"
        }
      },
      "oauth_client": [
        {
          "client_id": "548778369972-obl81vvk9pm8mc9fo74to2bm4fsftgh0.apps.googleusercontent.com",
          "client_type": 3
        }
      ],
      "api_key": [
        {
          "current_key": "AIzaSyDwLh9tnGsm_Cai2AXVWK0BhcW6xd8-lrw"
        }
      ],
      "services": {
        "appinvite_service": {
          "other_platform_oauth_client": [
            {
              "client_id": "548778369972-obl81vvk9pm8mc9fo74to2bm4fsftgh0.apps.googleusercontent.com",
              "client_type": 3
            }
          ]
        }
      }
    },
    {
      "client_info": {
        "mobilesdk_app_id": "1:548778369972:android:0e488ebcec4d77f9d748e1",
        "android_client_info": {
          "package_name": "com.ericodh.firebase_auth_demo"
        }
      },
      "oauth_client": [
        {
          "client_id": "548778369972-sljjajbbhgaetcit4tg5rrdmg93nvha9.apps.googleusercontent.com",
          "client_type": 1,
          "android_info": {
            "package_name": "com.ericodh.firebase_auth_demo",
            "certificate_hash": "05cb4c3f5305a7ce522ee1c6cf01c34097728f10"
          }
        },
        {
          "client_id": "548778369972-obl81vvk9pm8mc9fo74to2bm4fsftgh0.apps.googleusercontent.com",
          "client_type": 3
        }
      ],
      "api_key": [
        {
          "current_key": "AIzaSyDwLh9tnGsm_Cai2AXVWK0BhcW6xd8-lrw"
        }
      ],
      "services": {
        "appinvite_service": {
          "other_platform_oauth_client": [
            {
              "client_id": "548778369972-obl81vvk9pm8mc9fo74to2bm4fsftgh0.apps.googleusercontent.com",
              "client_type": 3
            }
          ]
        }
      }
    }
  ],
  "configuration_version": "1"
}